QUOTE_DATE,n_quotes,n_items,n_regions
201001,10224,34,12
201002,9772,34,12
201003,10125,34,12
201004,10194,34,12
201005,10156,34,12
201006,10262,34,12
201007,10290,34,12
201008,10288,34,12
201009,10224,34,12
201010,10227,34,12
201011,10260,34,12
201012,10280,34,12
201101,10238,34,12
201102,9733,34,12
201103,10060,34,12
201104,10179,34,12
201105,10173,34,12
201106,10191,34,12
201107,10224,34,12
201108,10212,34,12
201109,10144,34,12
201110,10205,34,12
201111,10183,34,12
201112,10256,34,12
201201,10270,34,12
201202,9929,35,12
201203,10077,35,12
201204,10176,35,12
201205,10059,35,12
201206,10176,35,12
201207,10203,35,12
201208,10201,35,12
201209,9637,35,12
201210,9671,35,12
201211,9576,35,12
201212,9589,35,12
201301,9583,35,12
201302,9156,34,12
201303,9363,34,12
201304,9416,34,12
201305,9409,34,12
201306,9446,34,12
201307,9469,34,12
201308,9476,34,12
201309,9488,34,12
201310,9473,34,12
201311,9414,34,12
201312,9388,34,12
201401,9345,34,12
201402,8229,33,12
201403,8315,33,12
201404,8363,33,12
201405,8367,33,12
201406,8415,33,12
201407,8375,33,12
201408,8430,33,12
201409,8397,33,12
201410,8438,33,12
201411,8415,33,12
201412,8435,33,12
201501,8455,33,12
201502,8081,33,12
201503,8271,33,12
201504,8358,33,12
201505,8377,33,12
201506,8454,33,12
201507,8488,33,12
201508,8481,33,12
201509,8449,33,12
201510,8475,33,12
201511,8453,33,12
201512,8430,33,12
201601,8479,33,12
201602,7085,31,12
201603,7221,31,12
201604,7283,31,12
201605,7334,31,12
201606,7339,31,12
201607,7347,31,12
201608,7329,31,12
201609,7331,31,12
201610,7341,31,12
201611,7298,31,12
201612,7324,31,12
201703,7181,31,12
201704,7253,31,12
201705,7316,31,12
201706,7318,31,12
201707,7295,31,12
201708,7325,31,12
201709,7345,31,12
201710,7355,31,12
201711,7346,31,12
201712,7347,31,12
201801,7350,31,12
201802,7061,31,12
201803,7192,31,12
201804,7275,31,12
201805,7310,31,12
201806,7351,31,12
201807,7344,31,12
201808,7367,31,12
201809,7361,31,12
201810,7366,31,12
201811,7323,31,12
201812,7296,31,12
201908,7221,30,12
201909,7215,30,12
201910,7208,30,12
201911,7218,30,12
201912,7236,30,12
202001,7214,30,12
202002,6959,29,12
202003,7109,29,12
202004,1536,9,12
202005,4861,29,12
202006,4726,26,12
202007,7137,29,12
202008,7158,29,12
202009,6960,29,12
202010,6950,29,12
202011,6956,29,12
202012,6930,29,12
202101,6910,29,12
202102,1769,14,12
202103,1887,14,12
202104,2187,16,12
202105,3154,23,12
202106,4341,26,12
202107,6030,28,12
202108,6315,28,12
202109,6467,28,12
202110,6540,28,12
202111,6567,28,12
202112,6562,28,12
202201,6586,28,12
202202,6175,28,12
202203,6483,28,12
202204,6576,28,12
202205,6600,28,12
202206,6666,28,12
202207,6724,28,12
202208,6726,28,12
202209,6705,28,12
202210,6703,28,12
202211,6664,28,12
202212,6694,28,12
202301,6678,28,12
202302,6176,27,12
202303,6373,27,12
202304,6473,27,12
202305,6490,27,12
202306,6564,27,12
202307,6587,27,12
202308,6628,27,12
202309,6694,27,12
202310,6697,27,12
202311,6686,27,12
202312,6711,27,12
202401,6798,27,12
202402,6194,26,12
202403,6393,26,12
202404,6500,26,12
202405,6549,26,12
202406,6586,26,12
202407,6601,26,12
202408,6608,26,12
202409,6598,26,12
202410,6599,26,12
202411,6608,26,12
202412,6565,26,12
202501,6576,26,12
202502,6644,25,12
202503,6652,25,12
202504,6628,25,12
202505,6655,25,12
202506,6646,25,12
202507,6650,25,12
202508,6661,25,12
202509,6689,25,12
202510,6687,25,12
202511,6672,25,12
202512,6652,25,12
202601,6615,25,12
202602,6118,25,12
202603,6146,25,12
202604,6164,25,12
202605,6168,25,12
202606,6177,25,12
202607,6206,25,12
202608,6200,25,12
