ITEM_ID,item_desc_latest,first_month,last_month,months_present
220106,PUB: COLD FILLED ROLL/SANDWICH,201001,201301,37
220107,PUB -HOT MEAL,201001,202608,187
220111,BURGER IN BUN-EAT IN,201001,202001,112
220116,LEMONADE/COLA DRAUGHT,201001,202608,186
220117,BOTTLED MINERAL WATER,201001,202608,186
220118,RESTAURANT MAIN COURSE 1      ,201001,201601,73
220119,,201001,201201,25
220120,IN STORE CAFETERIA MEAL,201001,202501,167
220121,RESTAURANT CUP OF COFFEE,201001,202608,187
220122,RESTAURANT - SWEET COURSE,201001,202608,187
220124,MUFFIN/INDIVIDUAL CAKE,201001,202608,187
220125,FRUIT JUICE BOTTLE 250-350ML,201001,202608,186
220126,VEGETARIAN MAIN COURSE        ,201202,201601,48
220127,PUB-ROLL/SANDWICH HOT OR COLD ,201302,201601,36
220128,RESTAURANT MAIN COURSE,201602,202608,114
220205,STAFF RESTAURANT MAIN COURSE  ,201001,201401,49
220208,STAFF RESTAURNT HOT SNACK ITEM,201001,202608,189
220209,PRIMARY SCHOOL- FIXED CHARGE,201001,202608,188
220210,SECONDARY SCHOOL- CAFETERIA,201001,202608,188
220211,STAFF RESTAURANT FIZZY DRINK,201001,201812,106
220212,STAFF RESTAURANT SANDWICH,201001,202101,123
220213,STAFF RESTAURANT PUDDING      ,201001,201301,37
220214,STAFF RESTAURANT MAIN COURSE,201402,202608,140
220301,FISH & CHIPS TAKEAWAY,201001,202608,191
220303,SANDWICH-TAKE-AWAY (COLD),201001,202601,184
220304,COFFEE -TAKE-AWAY             ,201001,201401,49
220305,TEA -TAKE-AWAY,201001,202401,159
220310,POTATO CRISPS-INDIVIDUAL PACK,201001,202608,187
220316,PIZZA TAKEAWAY OR DELIVERED,201001,202608,191
220317,PASTY/SAVOURY PIE - TAKEAWAY,201001,201801,95
220318,INDIAN TAKEAWAY,201001,202608,191
220319,CHINESE TAKEAWAY,201001,202608,191
220320,TAKEAWAY SOFT DRINK,201001,202601,184
220321,TAKEAWAY COFFEE LATTE,201001,202401,159
220322,BURGER IN BUN- TAKEAWAY,201001,202001,112
220323,KEBAB- TAKEAWAY,201001,202608,191
220324,CINEMA POPCORN,201001,202608,185
220325,VENDING MACHINE - SOFT DRINK,201001,202301,142
220326,TAKEAWAY CHICKEN & CHIPS,201202,202608,166
220327,TAKEAWAY COOKED PASTRY BASED SAVOURY SNACK,201802,202608,95
220328,"BURGER IN A BUN, EAT IN OR TAKEAWAY",202002,202608,79
220329,"HOT DRINK, TAKE AWAY",202402,202608,31
220330,TAKEAWAY SANDWICH CHILLED COLD,202602,202608,7
220331,TAKEAWAY SOFT DRINK CAN/CARTON,202602,202608,7
