panel,key,value
dd_month,2023-01,23
dd_month_qsr,2023-01,4
dd_month,2023-02,25
dd_month_qsr,2023-02,6
dd_month,2023-03,28
dd_month_qsr,2023-03,3
dd_month,2023-04,12
dd_month_qsr,2023-04,2
dd_month,2023-05,35
dd_month_qsr,2023-05,15
dd_month,2023-06,95
dd_month_qsr,2023-06,48
dd_month,2023-07,2
dd_month_qsr,2023-07,1
dd_month,2023-08,12
dd_month_qsr,2023-08,2
dd_month,2023-09,149
dd_month_qsr,2023-09,56
dd_month,2023-10,15
dd_month_qsr,2023-10,4
dd_month,2023-11,11
dd_month_qsr,2023-11,2
dd_month,2023-12,96
dd_month_qsr,2023-12,14
dd_month,2024-01,2
dd_month_qsr,2024-01,0
dd_month,2024-02,36
dd_month_qsr,2024-02,11
dd_month,2024-03,29
dd_month_qsr,2024-03,1
dd_month,2024-04,0
dd_month_qsr,2024-04,0
dd_month,2024-05,0
dd_month_qsr,2024-05,0
dd_month,2024-06,0
dd_month_qsr,2024-06,0
dd_month,2024-07,0
dd_month_qsr,2024-07,0
dd_month,2024-08,0
dd_month_qsr,2024-08,0
dd_month,2024-09,0
dd_month_qsr,2024-09,0
dd_month,2024-10,0
dd_month_qsr,2024-10,0
dd_month,2024-11,0
dd_month_qsr,2024-11,0
dd_month,2024-12,5
dd_month_qsr,2024-12,2
dd_month,2025-01,3
dd_month_qsr,2025-01,0
dd_month,2025-02,7
dd_month_qsr,2025-02,2
dd_month,2025-03,35
dd_month_qsr,2025-03,4
dd_month,2025-04,19
dd_month_qsr,2025-04,0
dd_month,2025-05,19
dd_month_qsr,2025-05,0
dd_month,2025-06,31
dd_month_qsr,2025-06,0
dd_windows,A_stores,189
dd_windows,B_stores,0
dd_windows,both,0
dd_windows,both_qsr,0
dd_windows,both_common_item,0
uk_month,2019-06,0
uk_month,2019-07,0
uk_month,2019-08,1
uk_month,2019-09,1
uk_month,2019-10,0
uk_month,2019-11,1
uk_month,2019-12,1
uk_month,2020-01,0
uk_month,2020-02,0
uk_month,2020-03,0
uk_month,2020-04,0
uk_month,2020-05,0
uk_month,2020-06,0
uk_month,2020-07,0
uk_month,2020-08,4
uk_month,2020-09,3
uk_month,2020-10,1
uk_month,2020-11,4
uk_month,2020-12,4
uk_month,2021-01,2
uk_month,2021-02,2
uk_month,2021-03,4
uk_month,2021-04,5
uk_month,2021-05,4
uk_month,2021-06,4
uk_month,2021-07,10
uk_month,2021-08,4
uk_month,2021-09,8
uk_month,2021-10,39
uk_month,2021-11,0
uk_month,2021-12,6
uk_month,2022-01,1
uk_month,2022-02,0
uk_month,2022-03,0
uk_month,2022-04,0
uk_month,2022-05,3
uk_month,2022-06,3
uk_month,2022-07,17
uk_month,2022-08,12
uk_month,2022-09,2
uk_month,2022-10,0
uk_month,2022-11,0
uk_month,2022-12,5
uk_event_2020-07-15,before,0
uk_event_2020-07-15,after,8
uk_event_2020-07-15,both,0
uk_event_2020-07-15,both_common_item,0
uk_event_2021-10-01,before,21
uk_event_2021-10-01,after,45
uk_event_2021-10-01,both,1
uk_event_2021-10-01,both_common_item,1
uk_event_2022-04-01,before,1
uk_event_2022-04-01,after,6
uk_event_2022-04-01,both,0
uk_event_2022-04-01,both_common_item,0
