item_id,item_desc_latest,first_month,last_month,months_present,vat_before_2020,reduced_rate_2020_22,role_E1_2011,role_E2_E4_2020_22,rationale,evidence
220106,PUB: COLD FILLED ROLL/SANDWICH,201001,201301,37,standard,in_scope,treated,treated,"pub catering, eaten on premises (cold roll in a pub is catering, standard-rated)",GOV.UK hospitality reduced-rate guidance (page read); VAT Notice 701/14 (page read) 3.3 cold sandwich standard when supplied in the course of catering
220107,PUB -HOT MEAL,201001,202608,187,standard,in_scope,treated,treated,"pub hot meal, on-premises",GOV.UK hospitality reduced-rate guidance (page read)
220111,BURGER IN BUN-EAT IN,201001,202001,112,standard,in_scope,treated,treated,eat-in burger,GOV.UK hospitality reduced-rate guidance (page read)
220116,LEMONADE/COLA DRAUGHT,201001,202608,186,standard,in_scope,treated,treated,"pub draught soft drink, non-alcoholic, on-premises",GOV.UK hospitality reduced-rate guidance (page read)
220117,BOTTLED MINERAL WATER,201001,202608,186,ambiguous,ambiguous,excluded,excluded,bottled water: standard-rated when sold for takeaway (709/1 4.1) but part of catering when sold in a restaurant/pub; ITEM_DESC gives no outlet context. NB 701/14 fetch returned a conflicting 'zero-rated' line for mineral waters; not relied on,VAT Notice 709/1 (page read); VAT Notice 701/14 (page read)
220118,RESTAURANT MAIN COURSE 1,201001,201601,73,standard,in_scope,treated,treated,"restaurant main course, on-premises",GOV.UK hospitality reduced-rate guidance (page read)
220119,,201001,201201,25,ambiguous,ambiguous,excluded,excluded,no ITEM_DESC in the files (2010-01 to 2012-01 only),none
220120,IN STORE CAFETERIA MEAL,201001,202501,167,standard,in_scope,treated,treated,"in-store cafeteria meal, on-premises",GOV.UK hospitality reduced-rate guidance (page read); VAT Notice 709/1 (page read) 3.2 canteen/cafe premises
220121,RESTAURANT CUP OF COFFEE,201001,202608,187,standard,in_scope,treated,treated,"restaurant hot drink, on-premises",GOV.UK hospitality reduced-rate guidance (page read)
220122,RESTAURANT - SWEET COURSE,201001,202608,187,standard,in_scope,treated,treated,"restaurant dessert, on-premises",GOV.UK hospitality reduced-rate guidance (page read)
220124,MUFFIN/INDIVIDUAL CAKE,201001,202608,187,ambiguous,ambiguous,excluded,excluded,muffin/cake: zero-rated as cold takeaway (701/14 3.4) but standard-rated if eaten in; no outlet context in ITEM_DESC,VAT Notice 701/14 (page read)
220125,FRUIT JUICE BOTTLE 250-350ML,201001,202608,186,ambiguous,ambiguous,excluded,excluded,bottled juice: always standard-rated (701/14 3.1); in scope of the cut only if sold for on-premises consumption; no outlet context,VAT Notice 701/14 (page read); GOV.UK hospitality reduced-rate guidance (page read)
220126,VEGETARIAN MAIN COURSE,201202,201601,48,standard,in_scope,treated,treated,"vegetarian main course, restaurant",GOV.UK hospitality reduced-rate guidance (page read)
220127,PUB-ROLL/SANDWICH HOT OR COLD,201302,201601,36,standard,in_scope,treated,treated,"pub roll/sandwich hot or cold, on-premises",GOV.UK hospitality reduced-rate guidance (page read); VAT Notice 701/14 (page read) 3.3
220128,RESTAURANT MAIN COURSE,201602,202608,114,standard,in_scope,treated,treated,"restaurant main course, on-premises",GOV.UK hospitality reduced-rate guidance (page read)
220205,STAFF RESTAURANT MAIN COURSE,201001,201401,49,standard,ambiguous,treated,excluded,"staff restaurant: catering to staff is taxable (709/1 2.6), so standard-rated in 2011; the 2020-22 reduced-rate page does not mention staff canteens; scope not confirmed",VAT Notice 709/1 (page read) 2.6; GOV.UK hospitality reduced-rate guidance (page read) (silent)
220208,STAFF RESTAURNT HOT SNACK ITEM,201001,202608,189,standard,ambiguous,treated,excluded,staff restaurant hot snack: as 220205,VAT Notice 709/1 (page read) 2.6; GOV.UK hospitality reduced-rate guidance (page read) (silent)
220209,PRIMARY SCHOOL- FIXED CHARGE,201001,202608,188,exempt_or_outside_scope_if_school_supplied,ambiguous,excluded,excluded,"school meal: outside scope or exempt when supplied by the school at or below cost, taxable if supplied by a contract caterer; supplier not identifiable",VAT Notice 709/1 (page read) 2.6; HMRC VATEDU68750 and Notice 701/30 (search extract)
220210,SECONDARY SCHOOL- CAFETERIA,201001,202608,188,exempt_or_outside_scope_if_school_supplied,ambiguous,excluded,excluded,school cafeteria: as 220209,VAT Notice 709/1 (page read) 2.6
220211,STAFF RESTAURANT FIZZY DRINK,201001,201812,106,standard,ambiguous,treated,excluded,staff restaurant soft drink: as 220205,VAT Notice 709/1 (page read) 2.6; VAT Notice 701/14 (page read) 3.7.2
220212,STAFF RESTAURANT SANDWICH,201001,202101,123,standard,ambiguous,treated,excluded,staff restaurant sandwich: as 220205,VAT Notice 709/1 (page read) 2.6
220213,STAFF RESTAURANT PUDDING,201001,201301,37,standard,ambiguous,treated,excluded,staff restaurant pudding: as 220205,VAT Notice 709/1 (page read) 2.6
220214,STAFF RESTAURANT MAIN COURSE,201402,202608,140,standard,ambiguous,treated,excluded,staff restaurant main course: as 220205,VAT Notice 709/1 (page read) 2.6; GOV.UK hospitality reduced-rate guidance (page read) (silent)
220301,FISH & CHIPS TAKEAWAY,201001,202608,191,standard,in_scope,treated,treated,"hot takeaway food (hot at handover, 709/1 4.2-4.3)",GOV.UK hospitality reduced-rate guidance (page read); VAT Notice 709/1 (page read)
220303,SANDWICH-TAKE-AWAY (COLD),201001,202601,184,zero,not_applicable,control,control,cold takeaway sandwich: zero-rated (709/1 4.1; 701/14 3.3) unless supplied in the course of catering,VAT Notice 709/1 (page read); VAT Notice 701/14 (page read)
220304,COFFEE -TAKE-AWAY,201001,201401,49,standard,in_scope,treated,treated,hot takeaway drink,GOV.UK hospitality reduced-rate guidance (page read); VAT Notice 709/1 (page read) 4.1
220305,TEA -TAKE-AWAY,201001,202401,159,standard,in_scope,treated,treated,hot takeaway drink,GOV.UK hospitality reduced-rate guidance (page read); VAT Notice 709/1 (page read) 4.1
220310,POTATO CRISPS-INDIVIDUAL PACK,201001,202608,187,ambiguous,ambiguous,excluded,excluded,crisps: always standard-rated (701/14 3.8.1); in scope of the cut only if consumed on the premises; no outlet context,VAT Notice 701/14 (page read); GOV.UK hospitality reduced-rate guidance (page read)
220316,PIZZA TAKEAWAY OR DELIVERED,201001,202608,191,standard,in_scope,treated,treated,pizza takeaway or delivered: hot at handover assumed; the reduced-rate page does not address delivery,GOV.UK hospitality reduced-rate guidance (page read); VAT Notice 709/1 (page read) 4.2-4.3
220317,PASTY/SAVOURY PIE - TAKEAWAY,201001,201801,95,ambiguous,ambiguous,excluded,excluded,"pasty/pie takeaway: standard-rated if hot, zero-rated if cold (701/14 3.4.3); ITEM_DESC does not say",VAT Notice 701/14 (page read)
220318,INDIAN TAKEAWAY,201001,202608,191,standard,in_scope,treated,treated,hot takeaway,GOV.UK hospitality reduced-rate guidance (page read)
220319,CHINESE TAKEAWAY,201001,202608,191,standard,in_scope,treated,treated,hot takeaway,GOV.UK hospitality reduced-rate guidance (page read)
220320,TAKEAWAY SOFT DRINK,201001,202601,184,standard,out_of_scope,treated,control,cold takeaway soft drink: carbonated drinks always standard-rated (701/14 3.7.2); not a hot takeaway drink so outside the reduced rate in 2020-22,VAT Notice 701/14 (page read); GOV.UK hospitality reduced-rate guidance (page read)
220321,TAKEAWAY COFFEE LATTE,201001,202401,159,standard,in_scope,treated,treated,hot takeaway drink,GOV.UK hospitality reduced-rate guidance (page read)
220322,BURGER IN BUN- TAKEAWAY,201001,202001,112,standard,in_scope,treated,treated,hot takeaway burger,GOV.UK hospitality reduced-rate guidance (page read)
220323,KEBAB- TAKEAWAY,201001,202608,191,standard,in_scope,treated,treated,hot takeaway kebab,GOV.UK hospitality reduced-rate guidance (page read)
220324,CINEMA POPCORN,201001,202608,185,ambiguous,ambiguous,excluded,excluded,"cinema popcorn: savoury popcorn standard-rated (701/14 3.8.1); the cut covered cinema admission, not concessions; on-premises status unclear",VAT Notice 701/14 (page read); GOV.UK hospitality reduced-rate guidance (page read)
220325,VENDING MACHINE - SOFT DRINK,201001,202301,142,ambiguous,ambiguous,excluded,excluded,vending machine soft drink: standard-rated; if the machine is in a canteen or restaurant-type area it counts as on-premises and was in scope of the cut (709/1 2.4); location not recorded,VAT Notice 709/1 (page read) 2.4
220326,TAKEAWAY CHICKEN & CHIPS,201202,202608,166,standard,in_scope,treated,treated,hot takeaway,GOV.UK hospitality reduced-rate guidance (page read)
220327,TAKEAWAY COOKED PASTRY BASED SAVOURY SNACK,201802,202608,95,ambiguous,ambiguous,excluded,excluded,cooked pastry-based savoury snack takeaway: hot or cold not stated (701/14 3.4.3),VAT Notice 701/14 (page read)
220328,"BURGER IN A BUN, EAT IN OR TAKEAWAY",202002,202608,79,standard,in_scope,treated,treated,burger eat-in or takeaway (hot),GOV.UK hospitality reduced-rate guidance (page read)
220329,"HOT DRINK, TAKE AWAY",202402,202608,31,standard,in_scope,treated,treated,hot takeaway drink,GOV.UK hospitality reduced-rate guidance (page read)
220330,TAKEAWAY SANDWICH CHILLED COLD,202602,202608,7,zero,not_applicable,control,control,cold takeaway sandwich (2026-02 onward; outside all registered events),VAT Notice 709/1 (page read) 4.1
220331,TAKEAWAY SOFT DRINK CAN/CARTON,202602,202608,7,standard,out_of_scope,treated,control,cold takeaway can/carton soft drink (2026-02 onward; outside all registered events),VAT Notice 701/14 (page read) 3.7.2
